XX,YY,ZZ,XY,YZ,ZX
step1,39.34833,43.02210,156.86220,0.00000,89.79449,0.00000
step2,39.38840,43.07043,156.88116,0.00000,89.78663,0.00000
