XX,YY,ZZ,XY,YZ,ZX
step1,-29.28465,-26.58776,-124.53354,0.00000,-67.81778,0.00000
