XX,YY,ZZ,XY,YZ,ZX
step1,-51.21694,-41.13621,-221.86012,0.00000,-117.64170,0.00000
step2,-51.52474,-40.89989,-221.86400,0.00000,-117.61135,0.00000
